Link Name,Center of Mass X,Center of Mass Y,Center of Mass Z,Center of Mass Roll,Center of Mass Pitch,Center of Mass Yaw,Mass,Moment Ixx,Moment Ixy,Moment Ixz,Moment Iyy,Moment Iyz,Moment Izz,Visual X,Visual Y,Visual Z,Visual Roll,Visual Pitch,Visual Yaw,Mesh Filename,Color Red,Color Green,Color Blue,Color Alpha,Collision X,Collision Y,Collision Z,Collision Roll,Collision Pitch,Collision Yaw,Collision Mesh Filename,Material Name,SW Components,Coordinate System,Axis Name,Joint Name,Joint Type,Joint Origin X,Joint Origin Y,Joint Origin Z,Joint Origin Roll,Joint Origin Pitch,Joint Origin Yaw,Parent,Joint Axis X,Joint Axis Y,Joint Axis Z,Limit Effort,Limit Velocity,Limit Lower,Limit Upper,Calibration rising,Calibration falling,Dynamics Damping,Dynamics Friction,Safety Soft Upper,Safety Soft Lower,Safety K Position,Safety K Velocity
base_link,-0.067218,1.1041,0.082533,0,0,0,9.25,0.028386,-5.7075E-06,-9.8079E-06,0.041168,1.3954E-06,0.062197,0,0,0,0,0,0,package://main body(mass added2)/meshes/base_link.STL,0.75294,0.75294,0.75294,1,0,0,0,0,0,0,package://main body(mass added2)/meshes/base_link.STL,,body(mass added)-1,Origin_global,,,,0,0,0,0,0,0,,0,0,0,,,,,,,,,,,,
lf0_Link,0.042787,0.019273,0.07411,0,0,0,0.3131,0.00049522,8.0359E-06,-0.00024467,0.00069651,1.3919E-05,0.0002127,0,0,0,0,0,0,package://main body(mass added2)/meshes/lf0_Link.STL,1,1,1,1,0,0,0,0,0,0,package://main body(mass added2)/meshes/lf0_Link.STL,,upperleg（mass added）-1/关节电机垫片-1;upperleg（mass added）-1/大腿部件2.0-1;upperleg（mass added）-1/GB／T70．1-2000内六角圆柱头螺钉M4×16-3;upperleg（mass added）-1/GB／T70．1-2000内六角圆柱头螺钉M4×16-5;upperleg（mass added）-1/GB／T70．1-2000内六角圆柱头螺钉M4×16-4;upperleg（mass added）-1/GB／T70．1-2000内六角圆柱头螺钉M4×16-1;upperleg（mass added）-1/GB／T70．1-2000内六角圆柱头螺钉M4×16-2;upperleg（mass added）-1/GB／T70．1-2000内六角圆柱头螺钉M4×16-6;upperleg（mass added）-1/大腿培林轴承-1;upperleg（mass added）-1/腿轴v2-1,Origin_lf0_Link,left pit,lf0_Link,revolute,-0.16273,-0.039204,0.88016,1.5708,0,-1.5195,base_link,0,1,0,0,0,0,0,,,,,,,,
lf1_Link,0.013177,-0.13959,0.083536,0,0,0,0.3802,0.0042067,-3.1553E-05,-1.8217E-05,0.0011261,-0.0017016,0.003091,0,0,0,0,0,0,package://main body(mass added2)/meshes/lf1_Link.STL,0.64706,0.61961,0.58824,1,0,0,0,0,0,0,package://main body(mass added2)/meshes/lf1_Link.STL,,lowerleg(mass added)-1/GB／T70．1-2000内六角圆柱头螺钉M8×25-1;lowerleg(mass added)-1/小腿压片培林版-1;lowerleg(mass added)-1/小腿部件培林版2-1,Origin_lf1_Link,left joint,lf1_Link,revolute,0,-0.012377,0,0.3252,0,1.5708,lf0_Link,1,0,0,0,0,0,0,,,,,,,,
l_wheel_Link,-5.5511E-17,-0.02785,-5.5511E-17,0,0,0,1.6886,0.0004649,2.9876E-20,-4.0658E-20,0.00071923,5.1142E-19,0.0004649,0,0,0,0,0,0,package://main body(mass added2)/meshes/l_wheel_Link.STL,0.64706,0.61961,0.58824,1,0,0,0,0,0,0,package://main body(mass added2)/meshes/l_wheel_Link.STL,,wheel（mass added）-1/双侧轮轴承-2;wheel（mass added）-1/472512轴承-2;wheel（mass added）-1/双侧轴轮胎模型-1;wheel（mass added）-1/472512轴承-1;wheel（mass added）-1/双侧轮轴承-1,Origin_l_wheel_Link,left wheel,l_wheel_Link,revolute,0.019,-0.28937,-0.0029425,3.1416,-0.92523,-1.5708,lf1_Link,0,0,0,0,0,0,0,,,,,,,,
rf0_Link,0.042787,-0.017701,0.07411,0,0,0,0.3131,0.00049522,8.0359E-06,-0.00024467,0.00069651,1.3919E-05,0.0002127,0,0,0,0,0,0,package://main body(mass added2)/meshes/rf0_Link.STL,1,1,1,1,0,0,0,0,0,0,package://main body(mass added2)/meshes/rf0_Link.STL,,upperleg（mass added）-2/关节电机垫片-1;upperleg（mass added）-2/大腿部件2.0-1;upperleg（mass added）-2/GB／T70．1-2000内六角圆柱头螺钉M4×16-1;upperleg（mass added）-2/GB／T70．1-2000内六角圆柱头螺钉M4×16-2;upperleg（mass added）-2/GB／T70．1-2000内六角圆柱头螺钉M4×16-5;upperleg（mass added）-2/GB／T70．1-2000内六角圆柱头螺钉M4×16-3;upperleg（mass added）-2/GB／T70．1-2000内六角圆柱头螺钉M4×16-6;upperleg（mass added）-2/GB／T70．1-2000内六角圆柱头螺钉M4×16-4;upperleg（mass added）-2/大腿培林轴承-1;upperleg（mass added）-2/腿轴v2-1,Origin_rf0_Link,right pit,rf0_Link,revolute,-0.17175,-0.40435,-0.23291,0,1.4944,0,l_wheel_Link,0,1,0,0,0,0,0,,,,,,,,
rf1_Link,0.14827,-0.019823,0.066925,0,0,0,0.3802,0.0040458,3.0541E-06,-0.00032825,0.0042067,3.6306E-05,0.0001713,0,0,0,0,0,0,package://main body(mass added2)/meshes/rf1_Link.STL,0.64706,0.61961,0.58824,1,0,0,0,0,0,0,package://main body(mass added2)/meshes/rf1_Link.STL,,lowerleg(mass added)-2/小腿压片培林版-1;lowerleg(mass added)-2/GB／T70．1-2000内六角圆柱头螺钉M8×25-1;lowerleg(mass added)-2/小腿部件培林版2-1,Origin_rf1_Link,right joint,rf1_Link,revolute,0,-0.016351,0,0,-1.4563,0,rf0_Link,0,1,0,0,0,0,0,,,,,,,,
r_wheel_Link,-5.5511E-17,-0.02785,-1.1102E-16,0,0,0,1.6886,0.0004649,1.8307E-20,5.421E-20,0.00071923,5.0391E-19,0.0004649,0,0,0,0,0,0,package://main body(mass added2)/meshes/r_wheel_Link.STL,0.64706,0.61961,0.58824,1,0,0,0,0,0,0,package://main body(mass added2)/meshes/r_wheel_Link.STL,,wheel（mass added）-2/双侧轮轴承-2;wheel（mass added）-2/472512轴承-2;wheel（mass added）-2/双侧轴轮胎模型-1;wheel（mass added）-2/472512轴承-1;wheel（mass added）-2/双侧轮轴承-1,Origin_r_wheel_Link,right wheel,r_wheel_Link,revolute,0.16277,0.0417,0.23927,0,-0.037732,0,rf1_Link,0,0,0,0,0,0,0,,,,,,,,
