Link Name,Center of Mass X,Center of Mass Y,Center of Mass Z,Center of Mass Roll,Center of Mass Pitch,Center of Mass Yaw,Mass,Moment Ixx,Moment Ixy,Moment Ixz,Moment Iyy,Moment Iyz,Moment Izz,Visual X,Visual Y,Visual Z,Visual Roll,Visual Pitch,Visual Yaw,Mesh Filename,Color Red,Color Green,Color Blue,Color Alpha,Collision X,Collision Y,Collision Z,Collision Roll,Collision Pitch,Collision Yaw,Collision Mesh Filename,Material Name,SW Components,Coordinate System,Axis Name,Joint Name,Joint Type,Joint Origin X,Joint Origin Y,Joint Origin Z,Joint Origin Roll,Joint Origin Pitch,Joint Origin Yaw,Parent,Joint Axis X,Joint Axis Y,Joint Axis Z,Limit Effort,Limit Velocity,Limit Lower,Limit Upper,Calibration rising,Calibration falling,Dynamics Damping,Dynamics Friction,Safety Soft Upper,Safety Soft Lower,Safety K Position,Safety K Velocity
base_link,0.000816742797388995,0.0123699551963458,0.112603843165815,0,0,0,3.28736441108549,0.00815228037625635,-9.75486798273337E-06,1.61897268466131E-05,0.00630256160261956,-1.08480832061633E-05,0.0124026189112293,0,0,0,0,0,0,package://wl/meshes/base_link.STL,0.792156862745098,0.819607843137255,0.933333333333333,1,0,0,0,0,0,0,package://wl/meshes/base_link.STL,,base-link-1,base coordinate,,,,0,0,0,0,0,0,,0,0,0,,,,,,,,,,,,
lf0_Link,0.0613453883802387,-0.000494546242415794,0.0122262747609599,0,0,0,0.078198278013276,1.93175681765667E-05,-2.71426007120934E-06,-4.74596420768652E-20,0.000249284551968364,-2.34657668306156E-20,0.00026586128066037,0,0,0,0,0,0,package://wl/meshes/lf0_Link.STL,0.792156862745098,0.819607843137255,0.933333333333333,1,0,0,0,0,0,0,package://wl/meshes/lf0_Link.STL,,leg-lf0-5,lf coordinate,lf axis,lf0_Joint,revolute,0.054,0.1705,0.131,-1.5708,0,0,base_link,0,0,1,1000,1000,-0.3363,1.3479,,,,,,,,
lf1_Link,-0.0003668215208526,0.142351812810099,0.00852768961783223,0,0,0,0.161058488694426,0.00101628401453815,-5.40478215309606E-06,-1.57894772457476E-18,3.54029094087744E-05,1.44552098849904E-16,0.00104624958728159,0,0,0,0,0,0,package://wl/meshes/lf1_Link.STL,0.792156862745098,0.819607843137255,0.933333333333333,1,0,0,0,0,0,0,package://wl/meshes/lf1_Link.STL,,总装配体backup - legf1-3,lf1 coordinate,lf1 axis,lf1_Joint,revolute,0.15,-0.00010199,0.0205,0,0,0,lf0_Link,0,0,1,1000,1000,,,,,,,,,,
l_Wheel_Link,-3.63990625495691E-05,-0.000310487266282092,0.0253367577735086,0,0,0,0.400069039789231,0.00041253520318567,5.22422480398811E-07,-2.33341582904751E-07,0.000416939758246042,-1.99127407993896E-06,0.00073556561849658,0,0,0,0,0,0,package://wl/meshes/l_Wheel_Link.STL,0.792156862745098,0.819607843137255,0.933333333333333,1,0,0,0,0,0,0,package://wl/meshes/l_Wheel_Link.STL,,wheel-2,l_wheel coordinate,l_wheel axis,l_Wheel_Joint,revolute,1.857E-05,0.25,0.0275,0,0,0,lf1_Link,0,0,1,1000,1000,,,,,,,,,,
rf0_Link,0.0613459864437826,-0.000413761817245922,0.0122262747609596,0,0,0,0.0781982780132758,1.93251156315059E-05,-3.01708737324277E-06,9.64268959114845E-21,0.000249277004513425,-1.19668778413091E-20,0.000265861280660369,0,0,0,0,0,0,package://wl/meshes/rf0_Link.STL,0.792156862745098,0.819607843137255,0.933333333333333,1,0,0,0,0,0,0,package://wl/meshes/rf0_Link.STL,,leg-lf0-8,rf coordinate,rf axis,rf0_Joint,revolute,0.054,-0.1705,0.131,1.5708,0,0,base_link,0,0,1,1000,1000,-1.3479,0.3363,,,,,,,,
rf1_Link,0.000386453879119175,-0.142351760866343,0.00852768961785269,0,0,0,0.161058488694428,0.00101628548667575,-5.26950434103398E-06,5.88587394138199E-20,3.54014372711754E-05,-1.09594216807772E-18,0.0010462495872816,0,0,0,0,0,0,package://wl/meshes/rf1_Link.STL,0.792156862745098,0.819607843137255,0.933333333333333,1,0,0,0,0,0,0,package://wl/meshes/rf1_Link.STL,,总装配体backup - legf1-5,rf1 coordinate,rf1 axis,rf1_Joint,revolute,0.149999969576731,9.5535898096577E-05,0.0204999999999999,0,0,0,rf0_Link,0,0,1,1000,1000,,,,,,,,,,
r_Wheel_Link,0.000310135006326068,3.92875570033591E-05,0.0253367577735081,0,0,0,0.40006903978923,0.00041692910418005,5.65453940835882E-07,1.98899096832068E-06,0.000412545857251672,2.52062856615693E-07,0.000735565618496579,0,0,0,0,0,0,package://wl/meshes/r_Wheel_Link.STL,0.792156862745098,0.819607843137255,0.933333333333333,1,0,0,0,0,0,0,package://wl/meshes/r_Wheel_Link.STL,,wheel-1,r_wheel coordinate,r_wheel axis,r_Wheel_Joint,revolute,1.5909E-05,-0.25,0.0275,0,0,0,rf1_Link,0,0,1,1000,1000,,,,,,,,,,
